sk_area_formacao,area_formacao,rotulo
30f4c671715c7fba,Ciencia_de_Dados_/_Inteligencia_Artificial,Ciência de Dados / IA
6b531d47cff93c33,Ciencias_Biologicas/_Farmacia/_Medicina/_Area_da_Saude,Ciências Biológicas / Saúde
fe3df6ab57602796,Computacao_/_Engenharia_de_Software_/_Sistemas_de_Informacao/_TI,Computação / Eng. de Software / TI
936382867105808c,Economia/_Administracao_/_Contabilidade_/_Financas/_Negocios,Economia / Administração / Negócios
3053d057e7d49d8f,Estatistica/_Matematica_/_Matematica_Computacional/_Ciencias_Atuariais,Estatística / Matemática
046a83f0313b93ce,Marketing_/_Publicidade_/_Comunicacao_/_Jornalismo_/_Ciencias_Sociais,Marketing / Comunicação / Ciências Sociais
a8345d98542c8fcb,Outras_Engenharias_(nao_incluir_engenharia_de_software_ou_TI),Outras Engenharias
e48dc30f6cbde6fe,Outra_opcao,Outras áreas
f8f6d420549b37fb,Quimica_/_Fisica,Química / Física
