sk_opcao,grupo,grupo_rotulo,opcao,opcao_rotulo,comparavel_entre_anos
f421c42654b21746,atividades_analista_dados,Atividades: Analista de Dados,SSIS_1,SSIS_1,False
1dc7f9aca4905e27,atividades_analista_dados,Atividades: Analista de Dados,alteryx_2,alteryx_2,False
dda4a186003b99ac,atividades_analista_dados,Atividades: Analista de Dados,alteryx_analista,alteryx_analista,False
23336335ff45f552,atividades_analista_dados,Atividades: Analista de Dados,analise_processamento_linguagem_prog,analise_processamento_linguagem_prog,False
0961981fcff03a79,atividades_analista_dados,Atividades: Analista de Dados,apache_airflow_1,apache_airflow_1,False
97faa0d40a3391e5,atividades_analista_dados,Atividades: Analista de Dados,apache_airflow_analista,apache_airflow_analista,False
9308224fb3cfff83,atividades_analista_dados,Atividades: Analista de Dados,apache_nifi_1,apache_nifi_1,False
7736f7484b7d4eb9,atividades_analista_dados,Atividades: Analista de Dados,apache_nifi_analista,apache_nifi_analista,False
0344258dbb2a9217,atividades_analista_dados,Atividades: Analista de Dados,aws_glue_1,aws_glue_1,False
d4cee515d0c9e415,atividades_analista_dados,Atividades: Analista de Dados,aws_glue_analista,aws_glue_analista,False
0625bb0a21a8bd2e,atividades_analista_dados,Atividades: Analista de Dados,criacao_manutencao_etl_analista,criacao_manutencao_etl_analista,False
a14565a767591e21,atividades_analista_dados,Atividades: Analista de Dados,dashboard_ferramentas_bi,dashboard_ferramentas_bi,False
c6adc84cc84eab7d,atividades_analista_dados,Atividades: Analista de Dados,dashboards_ferramenta_bi_analista,dashboards_ferramenta_bi_analista,False
94e32e614597e270,atividades_analista_dados,Atividades: Analista de Dados,dashboards_script_analista,dashboards_script_analista,False
1caf96c334874f95,atividades_analista_dados,Atividades: Analista de Dados,databricks_2,databricks_2,False
1aa9aff52c584065,atividades_analista_dados,Atividades: Analista de Dados,databricks_analista,databricks_analista,False
f8c8d212ad1ba7ae,atividades_analista_dados,Atividades: Analista de Dados,empresa_nao_utiliza_ferramenta_autonomia,empresa_nao_utiliza_ferramenta_autonomia,False
87f79e156a0711eb,atividades_analista_dados,Atividades: Analista de Dados,engenheiro_dados_sem_ferramenta_etl_1,engenheiro_dados_sem_ferramenta_etl_1,False
e20a1687f3bf6c0e,atividades_analista_dados,Atividades: Analista de Dados,estudo_experimentos_util_estatistica,estudo_experimentos_util_estatistica,False
bf8dacac59714d55,atividades_analista_dados,Atividades: Analista de Dados,estudo_uso_estatistica_analista,estudo_uso_estatistica_analista,False
ee379307eee53970,atividades_analista_dados,Atividades: Analista de Dados,exportacao_rel_area_neg_analista_dados,exportacao_rel_area_neg_analista_dados,False
24a79fc027eee013,atividades_analista_dados,Atividades: Analista de Dados,exportacao_rel_para_area_neg_1,exportacao_rel_para_area_neg_1,False
53258b49d7737c3d,atividades_analista_dados,Atividades: Analista de Dados,extracao_api_analista,extracao_api_analista,False
5c8a7a3bcdb2f0e1,atividades_analista_dados,Atividades: Analista de Dados,extracao_dados_api,extracao_dados_api,False
9df49ae866b44642,atividades_analista_dados,Atividades: Analista de Dados,extracao_rel_sql_analista,extracao_rel_sql_analista,False
5bd420543b402abb,atividades_analista_dados,Atividades: Analista de Dados,ferramentas_analise_dados_dentro_crm,ferramentas_analise_dados_dentro_crm,False
0500224efce3a86a,atividades_analista_dados,Atividades: Analista de Dados,ferramentas_auto_ml,ferramentas_auto_ml,False
6f114ce74a32b3f5,atividades_analista_dados,Atividades: Analista de Dados,ferramentas_avanc_estatistica_analista,ferramentas_avanc_estatistica_analista,False
baf12c51cafb5fc4,atividades_analista_dados,Atividades: Analista de Dados,fivetran_1,fivetran_1,False
f1113e18f3e4e074,atividades_analista_dados,Atividades: Analista de Dados,fivetran_analista,fivetran_analista,False
fba9a253b63aab23,atividades_analista_dados,Atividades: Analista de Dados,google_dataflow_1,google_dataflow_1,False
00210a711a599d67,atividades_analista_dados,Atividades: Analista de Dados,google_dataflow_analista,google_dataflow_analista,False
eae7e0884a37b7f8,atividades_analista_dados,Atividades: Analista de Dados,ibm_data_stage_1,ibm_data_stage_1,False
c460292d079e10fb,atividades_analista_dados,Atividades: Analista de Dados,ibm_data_stage_analista,ibm_data_stage_analista,False
be7ab556c6584aed,atividades_analista_dados,Atividades: Analista de Dados,knime_1,knime_1,False
83795018cc38a329,atividades_analista_dados,Atividades: Analista de Dados,knime_analista,knime_analista,False
47c7fbb4acd67be9,atividades_analista_dados,Atividades: Analista de Dados,luigi_1,luigi_1,False
d10112a4e4a971ad,atividades_analista_dados,Atividades: Analista de Dados,luigi_analista,luigi_analista,False
15f49d71da12651c,atividades_analista_dados,Atividades: Analista de Dados,manutencao_etl_utilizando_ferramenta_etl_analista,manutencao_etl_utilizando_ferramenta_etl_analista,False
2fc96fcf8e564f5f,atividades_analista_dados,Atividades: Analista de Dados,manutencao_planilha_area_negocio,manutencao_planilha_area_negocio,False
d8d67eabae3b2b01,atividades_analista_dados,Atividades: Analista de Dados,manutencao_planilhas_analista,manutencao_planilhas_analista,False
a668110ef1357437,atividades_analista_dados,Atividades: Analista de Dados,modelagem_dados_dw_data_mart_analista,modelagem_dados_dw_data_mart_analista,False
ebf696c6093e1631,atividades_analista_dados,Atividades: Analista de Dados,modelagem_dw_data_mart_analista,modelagem_dw_data_mart_analista,False
cfa6508485a8f12a,atividades_analista_dados,Atividades: Analista de Dados,nao_sei_informar_ferramenta_autonomia_area_neg,nao_sei_informar_ferramenta_autonomia_area_neg,False
557cb4198c5d34ce,atividades_analista_dados,Atividades: Analista de Dados,nao_utilizo_ferramentas_etl_analista,nao_utilizo_ferramentas_etl_analista,False
2865f6eab6152279,atividades_analista_dados,Atividades: Analista de Dados,nenhuma_das_opcoes_analista,nenhuma_das_opcoes_analista,False
42407d19afc29c7a,atividades_analista_dados,Atividades: Analista de Dados,nenhuma_opcao_engenheiro_dados_2,nenhuma_opcao_engenheiro_dados_2,False
d380a6c4c4319650,atividades_analista_dados,Atividades: Analista de Dados,nenhuma_opcao_engenheiro_dados_3,nenhuma_opcao_engenheiro_dados_3,False
38882cd22ccd213e,atividades_analista_dados,Atividades: Analista de Dados,nenhuma_opcao_listada_atv_analista,nenhuma_opcao_listada_atv_analista,False
a5c9047b977f95ca,atividades_analista_dados,Atividades: Analista de Dados,oracle_data_integrator_1,oracle_data_integrator_1,False
cdaed109dfb95304,atividades_analista_dados,Atividades: Analista de Dados,oracle_data_integrator_analista,oracle_data_integrator_analista,False
ac908868866377c4,atividades_analista_dados,Atividades: Analista de Dados,pentaho_2,pentaho_2,False
28d2e17486d5c092,atividades_analista_dados,Atividades: Analista de Dados,pentaho_analista,pentaho_analista,False
67a4780d362048b4,atividades_analista_dados,Atividades: Analista de Dados,point_click,point_click,False
f7e85ad08ca6c3eb,atividades_analista_dados,Atividades: Analista de Dados,product_metrics_insight,product_metrics_insight,False
cebb58a4627ff206,atividades_analista_dados,Atividades: Analista de Dados,python_analista,python_analista,False
579f507fdfebd613,atividades_analista_dados,Atividades: Analista de Dados,qlik_sense_1,qlik_sense_1,False
69a66c78536951dc,atividades_analista_dados,Atividades: Analista de Dados,qlik_sense_analista,qlik_sense_analista,False
0c7a57a0125f550f,atividades_analista_dados,Atividades: Analista de Dados,relatorios_sql_exportados_1,relatorios_sql_exportados_1,False
cf002590adf62bd6,atividades_analista_dados,Atividades: Analista de Dados,sap_bw_etl_1,sap_bw_etl_1,False
f4a4a5eb974e6efd,atividades_analista_dados,Atividades: Analista de Dados,sap_bw_etl_analista,sap_bw_etl_analista,False
6b23b93ace09737d,atividades_analista_dados,Atividades: Analista de Dados,sas_data_integration_1,sas_data_integration_1,False
3d5e5dd9fca5577a,atividades_analista_dados,Atividades: Analista de Dados,sas_data_integration_analista,sas_data_integration_analista,False
509817fe8c73cbe5,atividades_analista_dados,Atividades: Analista de Dados,script_python_1,script_python_1,False
bdabfd9a0ac95901,atividades_analista_dados,Atividades: Analista de Dados,sql_stored_procedures_1,sql_stored_procedures_1,False
fbaa1fb68ab87b51,atividades_analista_dados,Atividades: Analista de Dados,ssis_analista,ssis_analista,False
f3105538d061edbb,atividades_analista_dados,Atividades: Analista de Dados,stitch_1,stitch_1,False
9ed91bab259a19b7,atividades_analista_dados,Atividades: Analista de Dados,stitch_analista,stitch_analista,False
ca9365314962522e,atividades_analista_dados,Atividades: Analista de Dados,stored_procedures_analista,stored_procedures_analista,False
959b6a7303787a16,atividades_analista_dados,Atividades: Analista de Dados,talend_1,talend_1,False
93ea9ca29093bb24,atividades_analista_dados,Atividades: Analista de Dados,talent_analista,talent_analista,False
20872874b37191fd,atividades_analista_dados,Atividades: Analista de Dados,utilizacao_ferramenta_avancada_estatistica,utilizacao_ferramenta_avancada_estatistica,False
1d940587e4767d94,atividades_cientista_dados,Atividades: Cientista de Dados,LLM_tmp_gasto_cientista,LLM_tmp_gasto_cientista,False
a5902db7e55b4872,atividades_cientista_dados,Atividades: Cientista de Dados,NLP_dados_nao_estruturados,NLP_dados_nao_estruturados,False
690564d25c2f2204,atividades_cientista_dados,Atividades: Cientista de Dados,ad_hoc_hipoteses_tmp_gasto_cientista,ad_hoc_hipoteses_tmp_gasto_cientista,False
dfe440aeeac24862,atividades_cientista_dados,Atividades: Cientista de Dados,ambiente_local_jupyter_anaconda,ambiente_local_jupyter_anaconda,False
011573efa14e0f2d,atividades_cientista_dados,Atividades: Cientista de Dados,analise_requisitos_area_negocio,analise_requisitos_area_negocio,False
ec4fd4211edd5843,atividades_cientista_dados,Atividades: Cientista de Dados,analise_requisitos_tmp_gasto_cientista,analise_requisitos_tmp_gasto_cientista,False
a3b9a8dfcf27a8ca,atividades_cientista_dados,Atividades: Cientista de Dados,aprendizado_reforco,aprendizado_reforco,False
d69cb775dfee1a93,atividades_cientista_dados,Atividades: Cientista de Dados,auto_ml_cientista,auto_ml_cientista,False
60b963b7fbe04087,atividades_cientista_dados,Atividades: Cientista de Dados,cadeias_markov_hmm_analise_dados,cadeias_markov_hmm_analise_dados,False
9fd7364c5db96317,atividades_cientista_dados,Atividades: Cientista de Dados,coleta_limpeza_cientista,coleta_limpeza_cientista,False
1d3e049071854bf9,atividades_cientista_dados,Atividades: Cientista de Dados,coleta_limpeza_modelagem_analise,coleta_limpeza_modelagem_analise,False
d0e5dddda6fdebf1,atividades_cientista_dados,Atividades: Cientista de Dados,construcao_dashboard_ferramenta_bi_analista,construcao_dashboard_ferramenta_bi_analista,False
79474aeb7f44e5f1,atividades_cientista_dados,Atividades: Cientista de Dados,controle_de_versao_cientista,controle_de_versao_cientista,False
53ee39972484cbea,atividades_cientista_dados,Atividades: Cientista de Dados,criacao_gerencia_feature_store_mlops,criacao_gerencia_feature_store_mlops,False
76942c77cbbfd2de,atividades_cientista_dados,Atividades: Cientista de Dados,criacao_manun_etl_dags_automacoes,criacao_manun_etl_dags_automacoes,False
858d6a3517815c31,atividades_cientista_dados,Atividades: Cientista de Dados,criacao_treinamento_llm,criacao_treinamento_llm,False
5c214863580aee6f,atividades_cientista_dados,Atividades: Cientista de Dados,dashboard_ferramentas_bi_1,dashboard_ferramentas_bi_1,False
443f289f1d9c8d6b,atividades_cientista_dados,Atividades: Cientista de Dados,dashboards_ferramenta_bi_analista_1,dashboards_ferramenta_bi_analista_1,False
8c75a45d44849232,atividades_cientista_dados,Atividades: Cientista de Dados,dashboards_ferramenta_bi_tmp_gasto_cientista,dashboards_ferramenta_bi_tmp_gasto_cientista,False
b9e545bc829273d4,atividades_cientista_dados,Atividades: Cientista de Dados,data_apps_cientista,data_apps_cientista,False
8639758af84987f5,atividades_cientista_dados,Atividades: Cientista de Dados,deploy_modelo_prod_criacao_api_monitoramento,deploy_modelo_prod_criacao_api_monitoramento,False
657552deba28f3b9,atividades_cientista_dados,Atividades: Cientista de Dados,dev_ml_prod_tmp_gasto_cientista,dev_ml_prod_tmp_gasto_cientista,False
a97cfeb4986d8718,atividades_cientista_dados,Atividades: Cientista de Dados,dev_modelo_ml,dev_modelo_ml,False
7420226a8c3396e0,atividades_cientista_dados,Atividades: Cientista de Dados,dev_nuvem,dev_nuvem,False
19f2ac968b37b4c5,atividades_cientista_dados,Atividades: Cientista de Dados,feature_store_cientista,feature_store_cientista,False
d8e069c0c340d6fd,atividades_cientista_dados,Atividades: Cientista de Dados,feature_store_ml_ops_tmp_gasto_cientista,feature_store_ml_ops_tmp_gasto_cientista,False
c6d1bbceb009fc48,atividades_cientista_dados,Atividades: Cientista de Dados,ferramenta_avanc_estatistica_analise_ajust_modelo,ferramenta_avanc_estatistica_analise_ajust_modelo,False
e3f2baad72723830,atividades_cientista_dados,Atividades: Cientista de Dados,ferramenta_avancadas_estatistica_analista_tmp_gasto_cientista,ferramenta_avancadas_estatistica_analista_tmp_gasto_cientista,False
6f318494296e347c,atividades_cientista_dados,Atividades: Cientista de Dados,ferramenta_bi_cientista,ferramenta_bi_cientista,False
7dd415b322ce1d27,atividades_cientista_dados,Atividades: Cientista de Dados,ferramenta_estatistica_avanc_cientista,ferramenta_estatistica_avanc_cientista,False
45b2ca8f07d20ca7,atividades_cientista_dados,Atividades: Cientista de Dados,ferramenta_etl_cientista,ferramenta_etl_cientista,False
e7fdfcc5156f9b8f,atividades_cientista_dados,Atividades: Cientista de Dados,ferramentas_avanc_estatistica_analista_1,ferramentas_avanc_estatistica_analista_1,False
fe49d9d976dda821,atividades_cientista_dados,Atividades: Cientista de Dados,infra_modelo_clusters_servidores_tmp_gasto_cientista,infra_modelo_clusters_servidores_tmp_gasto_cientista,False
70999a26e6bbaa92,atividades_cientista_dados,Atividades: Cientista de Dados,infra_modelos_rodam_em_clusters_api_etc,infra_modelos_rodam_em_clusters_api_etc,False
d41b89bae9fe0372,atividades_cientista_dados,Atividades: Cientista de Dados,llm_cientista_dados_uso,llm_cientista_dados_uso,False
058621dffddf6d33,atividades_cientista_dados,Atividades: Cientista de Dados,manutencao_etl_dag_tmp_gasto_cientista,manutencao_etl_dag_tmp_gasto_cientista,False
d23c2fbfbe822d1f,atividades_cientista_dados,Atividades: Cientista de Dados,manutencao_ml_em_prod_monitoramento_ajuste_tmp_gasto_cientista,manutencao_ml_em_prod_monitoramento_ajuste_tmp_gasto_cientista,False
ea3126788dbb3c50,atividades_cientista_dados,Atividades: Cientista de Dados,manutencao_ml_prod_tmp_gasto_cientista,manutencao_ml_prod_tmp_gasto_cientista,False
15d548b2dc23289b,atividades_cientista_dados,Atividades: Cientista de Dados,manutencao_modelo_ml_producao_melhorias,manutencao_modelo_ml_producao_melhorias,False
852578511ffb6aae,atividades_cientista_dados,Atividades: Cientista de Dados,metodo_estatistico_bayesiano_analise,metodo_estatistico_bayesiano_analise,False
937d25e7e32e5ea9,atividades_cientista_dados,Atividades: Cientista de Dados,metodos_estatisticos_classicos,metodos_estatisticos_classicos,False
45d2ee2f26ea2b5b,atividades_cientista_dados,Atividades: Cientista de Dados,ml_deteccao_fraude,ml_deteccao_fraude,False
23283ea574ce1816,atividades_cientista_dados,Atividades: Cientista de Dados,modelo_deteccao_churn,modelo_deteccao_churn,False
b316226d704b08a7,atividades_cientista_dados,Atividades: Cientista de Dados,modelos_preditivos,modelos_preditivos,False
838f08749be1824d,atividades_cientista_dados,Atividades: Cientista de Dados,planilha_excel_cientista,planilha_excel_cientista,False
fc18548da423e43f,atividades_cientista_dados,Atividades: Cientista de Dados,plataforma_ml_cientista,plataforma_ml_cientista,False
e68edca25a3700b7,atividades_cientista_dados,Atividades: Cientista de Dados,redes_neurais_odelo_arvore,redes_neurais_odelo_arvore,False
d1a844f34be79253,atividades_cientista_dados,Atividades: Cientista de Dados,regressao_logistica_glm,regressao_logistica_glm,False
65f9c762fa716458,atividades_cientista_dados,Atividades: Cientista de Dados,sistema_recomendacao,sistema_recomendacao,False
87be797cfb077d69,atividades_cientista_dados,Atividades: Cientista de Dados,tecnicas_clusterizacao,tecnicas_clusterizacao,False
07dcdf185dd7a080,atividades_cientista_dados,Atividades: Cientista de Dados,uso_adhoc_modelo_preditivo,uso_adhoc_modelo_preditivo,False
0f7a0ef37e4b0cdc,atividades_cientista_dados,Atividades: Cientista de Dados,uso_adhoc_modelo_preditivo_1,uso_adhoc_modelo_preditivo_1,False
4c6c9cde9afaac13,atividades_cientista_dados,Atividades: Cientista de Dados,visao_computacional,visao_computacional,False
868d7d3139168757,atividades_engenheiro_dados,Atividades: Engenheiro de Dados,SSIS,SSIS,False
32e4f40fcf1639df,atividades_engenheiro_dados,Atividades: Engenheiro de Dados,alteryx_1,alteryx_1,False
e4ad6b963b9ca1c0,atividades_engenheiro_dados,Atividades: Engenheiro de Dados,apache_airflow,apache_airflow,False
fdb26ed40cbcfd22,atividades_engenheiro_dados,Atividades: Engenheiro de Dados,apache_nifi,apache_nifi,False
f44740b2d16dad0f,atividades_engenheiro_dados,Atividades: Engenheiro de Dados,aws_glue,aws_glue,False
a94dd70d85a5c0de,atividades_engenheiro_dados,Atividades: Engenheiro de Dados,criacao_componentes_ingestao_dados,criacao_componentes_ingestao_dados,False
f7252e4e7a2edac4,atividades_engenheiro_dados,Atividades: Engenheiro de Dados,dados_streaming_data_lake_lakehouse,dados_streaming_data_lake_lakehouse,False
5f564259a2ff2cb3,atividades_engenheiro_dados,Atividades: Engenheiro de Dados,databricks_1,databricks_1,False
65bfe6fb68b1bdfb,atividades_engenheiro_dados,Atividades: Engenheiro de Dados,engenheiro_dados_alteryx,engenheiro_dados_alteryx,False
48342c857dbb5751,atividades_engenheiro_dados,Atividades: Engenheiro de Dados,engenheiro_dados_databricks,engenheiro_dados_databricks,False
71705152e6809787,atividades_engenheiro_dados,Atividades: Engenheiro de Dados,engenheiro_dados_pentaho,engenheiro_dados_pentaho,False
07cf5cbcf1fec6ec,atividades_engenheiro_dados,Atividades: Engenheiro de Dados,engenheiro_dados_sem_ferramenta_etl,engenheiro_dados_sem_ferramenta_etl,False
a99bb6d8f6a09c34,atividades_engenheiro_dados,Atividades: Engenheiro de Dados,etl_com_ferramentas_bi,etl_com_ferramentas_bi,False
ff89d91b9c150f62,atividades_engenheiro_dados,Atividades: Engenheiro de Dados,etl_pentaho_talent_etc,etl_pentaho_talent_etc,False
f1be0f89aba8461e,atividades_engenheiro_dados,Atividades: Engenheiro de Dados,exportacao_rel_para_area_neg,exportacao_rel_para_area_neg,False
dab9ca669fd6d311,atividades_engenheiro_dados,Atividades: Engenheiro de Dados,fivetran,fivetran,False
243f3f1d1e1df21b,atividades_engenheiro_dados,Atividades: Engenheiro de Dados,google_dataflow,google_dataflow,False
1e8883e4da70147b,atividades_engenheiro_dados,Atividades: Engenheiro de Dados,ibm_data_stage,ibm_data_stage,False
c96044975de0aba8,atividades_engenheiro_dados,Atividades: Engenheiro de Dados,integracao_dados_plataformas_dados,integracao_dados_plataformas_dados,False
594a72fc9857a866,atividades_engenheiro_dados,Atividades: Engenheiro de Dados,integracao_fonte_dados_diferentes_tmp_gasto,integracao_fonte_dados_diferentes_tmp_gasto,False
2fac318a4f238078,atividades_engenheiro_dados,Atividades: Engenheiro de Dados,knime,knime,False
ca35a9ea15e2729f,atividades_engenheiro_dados,Atividades: Engenheiro de Dados,luigi,luigi,False
d46d93f6298460bd,atividades_engenheiro_dados,Atividades: Engenheiro de Dados,manutencao_criacao_rep_dados_streaming,manutencao_criacao_rep_dados_streaming,False
dbcd421acff12581,atividades_engenheiro_dados,Atividades: Engenheiro de Dados,modelagem_arquitetura_dados_tmp_gasto,modelagem_arquitetura_dados_tmp_gasto,False
8ba7f0333d7412d7,atividades_engenheiro_dados,Atividades: Engenheiro de Dados,modelagem_dados_dw_data_mart,modelagem_dados_dw_data_mart,False
702d02767b821882,atividades_engenheiro_dados,Atividades: Engenheiro de Dados,modelagem_dados_dw_data_mart_1,modelagem_dados_dw_data_mart_1,False
ffaeb1c7273017dd,atividades_engenheiro_dados,Atividades: Engenheiro de Dados,nenhuma_das_opcoes_tmp_gasto,nenhuma_das_opcoes_tmp_gasto,False
7beccd1cf2b67573,atividades_engenheiro_dados,Atividades: Engenheiro de Dados,nenhuma_opcao_engenheiro_dados,nenhuma_opcao_engenheiro_dados,False
68b25bea8e3a39bc,atividades_engenheiro_dados,Atividades: Engenheiro de Dados,nenhuma_opcao_engenheiro_dados_1,nenhuma_opcao_engenheiro_dados_1,False
46615960629efde9,atividades_engenheiro_dados,Atividades: Engenheiro de Dados,oracle_data_integrator,oracle_data_integrator,False
0ed4212aaf77fddf,atividades_engenheiro_dados,Atividades: Engenheiro de Dados,pentaho_1,pentaho_1,False
a74dae5bdb236478,atividades_engenheiro_dados,Atividades: Engenheiro de Dados,pipeline_dados_ling_prog,pipeline_dados_ling_prog,False
a69315ad1fb6d161,atividades_engenheiro_dados,Atividades: Engenheiro de Dados,pipelines_com_codigo,pipelines_com_codigo,False
b4c2a9c79dde0aa4,atividades_engenheiro_dados,Atividades: Engenheiro de Dados,qlik_sense,qlik_sense,False
5c0a18d41c2ed2be,atividades_engenheiro_dados,Atividades: Engenheiro de Dados,quali_dados_dicionario,quali_dados_dicionario,False
20ebd43f031319e4,atividades_engenheiro_dados,Atividades: Engenheiro de Dados,qualidade_dados_tmp_gasto,qualidade_dados_tmp_gasto,False
6727980e83424c0d,atividades_engenheiro_dados,Atividades: Engenheiro de Dados,relatorios_sql_exportados,relatorios_sql_exportados,False
ca89efc8e75512cc,atividades_engenheiro_dados,Atividades: Engenheiro de Dados,sap_bw_etl,sap_bw_etl,False
b2d5848d6357949a,atividades_engenheiro_dados,Atividades: Engenheiro de Dados,sas_data_integration,sas_data_integration,False
c71ac5fe59d598cb,atividades_engenheiro_dados,Atividades: Engenheiro de Dados,script_python,script_python,False
676899aae8d60e1f,atividades_engenheiro_dados,Atividades: Engenheiro de Dados,sql_stored_procedures,sql_stored_procedures,False
9dfc231bf7febff8,atividades_engenheiro_dados,Atividades: Engenheiro de Dados,stitch,stitch,False
0370ec06af6f1343,atividades_engenheiro_dados,Atividades: Engenheiro de Dados,talend,talend,False
026b443e605882ed,bancos_dados,Bancos e plataformas de dados,amazon_athena,Athena,False
ee6934d5ce11d83d,bancos_dados,Bancos e plataformas de dados,amazon_aurora_rds,Aurora / RDS,False
3712ddd5ba43134e,bancos_dados,Bancos e plataformas de dados,amazon_redshift,Redshift,False
e8fa75a27995499c,bancos_dados,Bancos e plataformas de dados,cassandra,Cassandra,False
bcc1e3eb7f764ea8,bancos_dados,Bancos e plataformas de dados,coach_db,coach_db,False
5ee4d156388daa6b,bancos_dados,Bancos e plataformas de dados,databricks,Databricks,False
0105148ae6db31f4,bancos_dados,Bancos e plataformas de dados,datomic,datomic,False
6f09dbeaf6bf1374,bancos_dados,Bancos e plataformas de dados,db2,DB2,False
0906f1e4600d55bf,bancos_dados,Bancos e plataformas de dados,dynamo_db,DynamoDB,False
805866a385fae5f0,bancos_dados,Bancos e plataformas de dados,elastic_search,Elasticsearch,False
cf171e071eb04759,bancos_dados,Bancos e plataformas de dados,firebase,Firebase,False
cb54d21efc6963fd,bancos_dados,Bancos e plataformas de dados,firebird,firebird,False
dacfd376fc6bd870,bancos_dados,Bancos e plataformas de dados,google_big_query,BigQuery,False
efb837aaad2e0ebf,bancos_dados,Bancos e plataformas de dados,google_firestore,Firestore,False
99f25f97f502db5b,bancos_dados,Bancos e plataformas de dados,hbase,HBase,False
d4177be8be554e38,bancos_dados,Bancos e plataformas de dados,hive,Hive,False
905f7305d3d6fb74,bancos_dados,Bancos e plataformas de dados,maria_db,MariaDB,False
1063413f76f3f2c4,bancos_dados,Bancos e plataformas de dados,microsoft_acess,Microsoft Access,False
fd6ddb85a89fae9b,bancos_dados,Bancos e plataformas de dados,mongo_db,MongoDB,False
5c5071de79ace1d9,bancos_dados,Bancos e plataformas de dados,my_sql,MySQL,False
0c7401eb83d95884,bancos_dados,Bancos e plataformas de dados,nao_utilizo_nenhuma,Não utilizo nenhum,False
54d82108c5c23036,bancos_dados,Bancos e plataformas de dados,neo4j,Neo4j,False
f2022936b40956d6,bancos_dados,Bancos e plataformas de dados,oracle,Oracle,False
200879425c262360,bancos_dados,Bancos e plataformas de dados,oracle_1,oracle_1,False
e6a5600268ff9d1a,bancos_dados,Bancos e plataformas de dados,postgre_sql,PostgreSQL,False
e334f876163fe5b1,bancos_dados,Bancos e plataformas de dados,presto,Presto,False
5d740de0f043408a,bancos_dados,Bancos e plataformas de dados,redis,Redis,False
9c0311ae784a3721,bancos_dados,Bancos e plataformas de dados,s3,Amazon S3,False
cd19f2b0e92277aa,bancos_dados,Bancos e plataformas de dados,sap_hana,SAP HANA,False
0df12d7febc7eafe,bancos_dados,Bancos e plataformas de dados,snowflake,Snowflake,False
fc7a69dc100a4d28,bancos_dados,Bancos e plataformas de dados,splunk,Splunk,False
6dec7e51422bf115,bancos_dados,Bancos e plataformas de dados,sql_server,SQL Server,False
421a09f0a0bb9e4a,bancos_dados,Bancos e plataformas de dados,sqlite,SQLite,False
23e2c6bb8b8643de,bancos_dados,Bancos e plataformas de dados,sybase,sybase,False
d0582e644aa39ed1,bancos_dados,Bancos e plataformas de dados,vertica,vertica,False
e26f98ce27a25b25,barreiras_ia_generativa,Barreiras à adoção de IA,alta_direcao_nao_ve_valor_prioridade,alta_direcao_nao_ve_valor_prioridade,True
fb96b1908feb3a10,barreiras_ia_generativa,Barreiras à adoção de IA,falta_compreensao_caso_uso,falta_compreensao_caso_uso,True
c17d481737aac591,barreiras_ia_generativa,Barreiras à adoção de IA,falta_confiab_saida_alucinacao_modelo,falta_confiab_saida_alucinacao_modelo,True
3ca7cc63fae18cc3,barreiras_ia_generativa,Barreiras à adoção de IA,falta_expertise_ou_recurso,falta_expertise_ou_recurso,True
1fd0660626153ab6,barreiras_ia_generativa,Barreiras à adoção de IA,incerteza_rel_regulamentacao,incerteza_rel_regulamentacao,True
c46722550ef2d9ab,barreiras_ia_generativa,Barreiras à adoção de IA,preocupacao_prop_intelectual,preocupacao_prop_intelectual,True
811a91ec81d9be98,barreiras_ia_generativa,Barreiras à adoção de IA,seguranca_privacidade_dados,seguranca_privacidade_dados,True
f9c738d8a0709f1b,cargos_no_time,Cargos presentes no time,analista_bi,analista_bi,True
6e5cd35ac8fcbbad,cargos_no_time,Cargos presentes no time,analista_business,analista_business,True
8da449dce8fa056f,cargos_no_time,Cargos presentes no time,analista_dados,analista_dados,True
7e11367e484d04c0,cargos_no_time,Cargos presentes no time,arquiteto_dados,arquiteto_dados,True
0d8f19c5386f8f96,cargos_no_time,Cargos presentes no time,cientista_dados,cientista_dados,True
77f0035bbf7970fc,cargos_no_time,Cargos presentes no time,data_product_manager,data_product_manager,True
09ab70dc9bedecee,cargos_no_time,Cargos presentes no time,dba,dba,True
a68e4d5888cd10ab,cargos_no_time,Cargos presentes no time,engenheiro_analytics,engenheiro_analytics,True
3e7f0464314d4f3a,cargos_no_time,Cargos presentes no time,engenheiro_dados,engenheiro_dados,True
ff26c3081f81e8e5,cargos_no_time,Cargos presentes no time,engenheiro_ml_ia,engenheiro_ml_ia,True
3fb7265fde8eb1fa,cloud_preferida,Cloud preferida,AMT,AMT,True
c7c098f343f286f2,cloud_preferida,Cloud preferida,Amazon_Web_Services_(AWS),Amazon_Web_Services_(AWS),True
8d0b6c203891006c,cloud_preferida,Cloud preferida,Azure,Azure,True
5917064a408affcd,cloud_preferida,Cloud preferida,Azure_(Microsoft),Azure_(Microsoft),True
ff9ca54d41ab220d,cloud_preferida,Cloud preferida,Cloud_Propria,Cloud_Propria,True
3b658662ad4eec6a,cloud_preferida,Cloud preferida,Cloud_com_Databricks,Cloud_com_Databricks,True
b381011d075af6d0,cloud_preferida,Cloud preferida,Cloud_propria,Cloud_propria,True
ee6db78b297be68d,cloud_preferida,Cloud preferida,Cloudera,Cloudera,True
1f1909083059cab9,cloud_preferida,Cloud preferida,Databricks,Databricks,True
acdf02ff15e7a9ba,cloud_preferida,Cloud preferida,Databriks,Databriks,True
8607b3c2d7c67995,cloud_preferida,Cloud preferida,Datadricks,Datadricks,True
505f9339eb03b540,cloud_preferida,Cloud preferida,Denodo,Denodo,True
dc475927fdd14533,cloud_preferida,Cloud preferida,Digital_Ocean,Digital_Ocean,True
637a6309371be040,cloud_preferida,Cloud preferida,Gallery,Gallery,True
7f47ce0aa43be254,cloud_preferida,Cloud preferida,Google_Cloud_(GCP),Google_Cloud_(GCP),True
3cf982c902714b2c,cloud_preferida,Cloud preferida,Huawei_Cloud,Huawei_Cloud,True
dc28458299b34339,cloud_preferida,Cloud preferida,IBM,IBM,True
4dec239463e149e0,cloud_preferida,Cloud preferida,Informatica_Cloud,Informatica_Cloud,True
a02a1e65739e6cb1,cloud_preferida,Cloud preferida,Lightning_AI,Lightning_AI,True
6888c60d410ae9c4,cloud_preferida,Cloud preferida,MongoDB_Atlas,MongoDB_Atlas,True
16c9fcaccf1a4aa1,cloud_preferida,Cloud preferida,NENHUM,NENHUM,True
ca18ecc3161a0373,cloud_preferida,Cloud preferida,Nao,Nao,True
38d39bf4544ae33f,cloud_preferida,Cloud preferida,Nao_sei,Nao_sei,True
33efeaf442fa91bb,cloud_preferida,Cloud preferida,Nao_sei_opinar_/_Nao_tenho_preferencia,Nao_sei_opinar_/_Nao_tenho_preferencia,True
5742937718e29ecc,cloud_preferida,Cloud preferida,Nao_utiliza,Nao_utiliza,True
97638f39b206d1ed,cloud_preferida,Cloud preferida,Nao_utilizo.,Nao_utilizo.,True
9a1a0bac1ebcca23,cloud_preferida,Cloud preferida,Nao_utilizo_opcoes_cloud,Nao_utilizo_opcoes_cloud,True
5f5aeb1fda282bc8,cloud_preferida,Cloud preferida,Ne,Ne,True
8d63a63979c2a8f4,cloud_preferida,Cloud preferida,Neo4j_Cloud,Neo4j_Cloud,True
38e5d396bb2ae9c4,cloud_preferida,Cloud preferida,Nokia_Labs,Nokia_Labs,True
7f5b141781f778c4,cloud_preferida,Cloud preferida,OVH,OVH,True
50c957a46c1da910,cloud_preferida,Cloud preferida,On_Prem,On_Prem,True
f1cf4f866a11bf16,cloud_preferida,Cloud preferida,Oracle,Oracle,True
78d9bbaaeba595d8,cloud_preferida,Cloud preferida,Oracle_Cloud,Oracle_Cloud,True
c9ce43c585c3f24d,cloud_preferida,Cloud preferida,Pivotal,Pivotal,True
164a2ba967b3f3af,cloud_preferida,Cloud preferida,Qlik,Qlik,True
02fb67eb73956cc7,cloud_preferida,Cloud preferida,Redhat_Openshift,Redhat_Openshift,True
04c4775b224ac9e4,cloud_preferida,Cloud preferida,SAP_BW,SAP_BW,True
482607af19d7bc7b,cloud_preferida,Cloud preferida,SAS,SAS,True
779063235cfc42c3,cloud_preferida,Cloud preferida,Salesforce,Salesforce,True
a26746435c260ad5,cloud_preferida,Cloud preferida,Sap_Hana,Sap_Hana,True
ec630161018a11db,cloud_preferida,Cloud preferida,Servidores_On_Premise/Nao_utilizamos_Cloud,Servidores_On_Premise/Nao_utilizamos_Cloud,True
b67549c18f85f450,cloud_preferida,Cloud preferida,Sharepoint,Sharepoint,True
bd2bf2aa3fd253e2,cloud_preferida,Cloud preferida,Snowflake,Snowflake,True
b007452ffcdf5ea2,cloud_preferida,Cloud preferida,Snowflake_cloud_solution,Snowflake_cloud_solution,True
9425b2111d6f7dcd,cloud_preferida,Cloud preferida,Teradata,Teradata,True
1313aa80f1668250,cloud_preferida,Cloud preferida,Teradata_Vantage,Teradata_Vantage,True
150d98d186199179,cloud_preferida,Cloud preferida,VMWARE,VMWARE,True
a6fbb3bbb86c585b,cloud_preferida,Cloud preferida,clickhouse,clickhouse,True
fcd06509e60134e7,cloud_preferida,Cloud preferida,digital_ocean,digital_ocean,True
ccf33ffe1a69184b,cloud_preferida,Cloud preferida,nao_uso,nao_uso,True
dbc9697bbb33f7c2,cloud_preferida,Cloud preferida,on-primise,on-primise,True
f3b49055d28dcfb7,cloud_preferida,Cloud preferida,ownCloud,ownCloud,True
facda2f4ffacfbed,clouds,Clouds utilizadas,aws,AWS,True
8e25c703d5c72273,clouds,Clouds utilizadas,azure,Azure,True
c751cfea04552407,clouds,Clouds utilizadas,cloud_proprietaria,Cloud proprietária,True
3aed5970fe845a7e,clouds,Clouds utilizadas,gcp,Google Cloud,True
97bb25f9ad07048c,clouds,Clouds utilizadas,ibm,IBM Cloud,True
36c1dc24b85c4756,clouds,Clouds utilizadas,on_premise,On-premise,True
336e0a5761991783,desafios_gestor,Desafios do gestor,contratacao_area_dados,contratacao_area_dados,True
8fd04c22ca411734,desafios_gestor,Desafios do gestor,contratacao_ferramentas_dados,contratacao_ferramentas_dados,True
d64e61aea7a84188,desafios_gestor,Desafios do gestor,contratar_novos_talentos,contratar_novos_talentos,True
497abbc52b73dddd,desafios_gestor,Desafios do gestor,convencer_aumentar_invest_dados,convencer_aumentar_invest_dados,True
e7429664650878dd,desafios_gestor,Desafios do gestor,desenv_e_mant_modelos_ml_prod,desenv_e_mant_modelos_ml_prod,True
469b229b8f178135,desafios_gestor,Desafios do gestor,dividir_tempo_entregas_tec_gestao,dividir_tempo_entregas_tec_gestao,True
6061eed5e77d03b3,desafios_gestor,Desafios do gestor,gerar_valor_area_neg_atrav_estud_experim,gerar_valor_area_neg_atrav_estud_experim,True
20e09adaa2af0a3b,desafios_gestor,Desafios do gestor,gerenciar_expectativ_areas_neg_rel_equipe_dados,gerenciar_expectativ_areas_neg_rel_equipe_dados,True
1050598e3a716019,desafios_gestor,Desafios do gestor,gestao_equipe_em_remoto,gestao_equipe_em_remoto,True
bb76a2dba07f2a28,desafios_gestor,Desafios do gestor,gestao_proj_multidisciplinaridades_empresa,gestao_proj_multidisciplinaridades_empresa,True
9427c282186f1e95,desafios_gestor,Desafios do gestor,gestor_analise_dados,gestor_analise_dados,True
9b760bf9e73d4589,desafios_gestor,Desafios do gestor,gestor_ciencia_dados,gestor_ciencia_dados,True
3f150b39a8ec862c,desafios_gestor,Desafios do gestor,gestor_eng_dados,gestor_eng_dados,True
f58473143884cf8a,desafios_gestor,Desafios do gestor,gestor_ia,gestor_ia,True
1fb09f100b2f2a44,desafios_gestor,Desafios do gestor,gestor_pessoas,gestor_pessoas,True
bcf7e20248012cc4,desafios_gestor,Desafios do gestor,gestor_produtos,gestor_produtos,True
6178b1b55c8c6dcf,desafios_gestor,Desafios do gestor,gestor_projetos,gestor_projetos,True
883e7abd20ce5c35,desafios_gestor,Desafios do gestor,inovacao_atraves_area_dados,inovacao_atraves_area_dados,True
d1d5c7bf28f0628b,desafios_gestor,Desafios do gestor,manutencao_projetos_model_prod_meio_cresc_empresa,manutencao_projetos_model_prod_meio_cresc_empresa,True
dc4e9e7b1e3cfd95,desafios_gestor,Desafios do gestor,organizacao_treinamentos_iniciat_para_maior_maturidade_analitica,organizacao_treinamentos_iniciat_para_maior_maturidade_analitica,True
1e52e24e6fa7e454,desafios_gestor,Desafios do gestor,organizar_info_resguard_quali_confiab,organizar_info_resguard_quali_confiab,True
1d7ff822ed7b48ae,desafios_gestor,Desafios do gestor,processar_armazenar_big_data,processar_armazenar_big_data,True
00b2c3ce5f0dcd2f,desafios_gestor,Desafios do gestor,reter_talentos,reter_talentos,True
12eb56bcaef55104,desafios_gestor,Desafios do gestor,retorno_roi_projeto_dados,retorno_roi_projeto_dados,True
054c477b6126bb1e,desafios_gestor,Desafios do gestor,visao_longo_prazo_dados_empresa,visao_longo_prazo_dados_empresa,True
0ccd92b8c0af913f,exp_prof_prejudicada,Experiência profissional prejudicada,exp_prof_nao_prejud,exp_prof_nao_prejud,True
dc3695b6a649f119,exp_prof_prejudicada,Experiência profissional prejudicada,exp_prof_prejud_cor_raca_etnia,exp_prof_prejud_cor_raca_etnia,True
8435733f402e237d,exp_prof_prejudicada,Experiência profissional prejudicada,exp_prof_prejud_ident_gen,exp_prof_prejud_ident_gen,True
84055bf3482e4f6b,exp_prof_prejudicada,Experiência profissional prejudicada,exp_prof_prejud_pcd,exp_prof_prejud_pcd,True
fa795999628d3157,fatores_avaliacao_emprego,Fatores ao avaliar um emprego,ambiente_clima_trabalho,ambiente_clima_trabalho,True
a2585de72289f62f,fatores_avaliacao_emprego,Fatores ao avaliar um emprego,beneficios,beneficios,True
e56357aea965dc48,fatores_avaliacao_emprego,Fatores ao avaliar um emprego,flexibilidade_trab_remoto,flexibilidade_trab_remoto,True
b30a053c76728ea9,fatores_avaliacao_emprego,Fatores ao avaliar um emprego,maturidade_empresa_dados_tec,maturidade_empresa_dados_tec,True
f6e983e6883f62a2,fatores_avaliacao_emprego,Fatores ao avaliar um emprego,oport_aprendizado_trab_ref_area,oport_aprendizado_trab_ref_area,True
50b58bde7fcac3e2,fatores_avaliacao_emprego,Fatores ao avaliar um emprego,plano_carreira_oport_cresc_prof,plano_carreira_oport_cresc_prof,True
c415c56b8461f5dc,fatores_avaliacao_emprego,Fatores ao avaliar um emprego,proposito_trabalho_empresa,proposito_trabalho_empresa,True
ba942c03a65f2fe3,fatores_avaliacao_emprego,Fatores ao avaliar um emprego,qualidade_lideres_gestores,qualidade_lideres_gestores,True
ac2f9bf9162966a4,fatores_avaliacao_emprego,Fatores ao avaliar um emprego,remuneracao_salario,remuneracao_salario,True
f2fb94602c9d9256,fatores_avaliacao_emprego,Fatores ao avaliar um emprego,rep_empresa_mercado,rep_empresa_mercado,True
5c7361f57cb6b6ca,fatores_troca_emprego,Fatores para trocar de emprego,ambiente_clima_trabalho,ambiente_clima_trabalho,True
f2f28b1ec97a14b8,fatores_troca_emprego,Fatores para trocar de emprego,beneficios,beneficios,True
b4e1bf7ae5214feb,fatores_troca_emprego,Fatores para trocar de emprego,flexibilidade_trab_remoto,flexibilidade_trab_remoto,True
e532e61a8f33245e,fatores_troca_emprego,Fatores para trocar de emprego,maturidade_empresa_dados_tec,maturidade_empresa_dados_tec,True
70ffef580aa3da12,fatores_troca_emprego,Fatores para trocar de emprego,oport_aprendizado_trab_ref_area,oport_aprendizado_trab_ref_area,True
a96293e31778bf59,fatores_troca_emprego,Fatores para trocar de emprego,plano_carreira_oport_cresc_prof,plano_carreira_oport_cresc_prof,True
8abf0ca323ff8e0a,fatores_troca_emprego,Fatores para trocar de emprego,proposito_trabalho_empresa,proposito_trabalho_empresa,True
c41349d4895d7c1b,fatores_troca_emprego,Fatores para trocar de emprego,qualidade_lideres_gestores,qualidade_lideres_gestores,True
caa3d3971c33c5e1,fatores_troca_emprego,Fatores para trocar de emprego,remuneracao_salario,remuneracao_salario,True
df5ac9f9babc4f0a,fatores_troca_emprego,Fatores para trocar de emprego,rep_empresa_mercado,rep_empresa_mercado,True
3fc2b713bac12f7f,fatores_troca_emprego,Fatores para trocar de emprego,trab_outra_area_atuacao,trab_outra_area_atuacao,True
df1fb72073309f6c,ferramenta_bi_diaria,Ferramenta de BI do dia a dia,Alteryx,Alteryx,True
064e26e6e0046f92,ferramenta_bi_diaria,Ferramenta de BI do dia a dia,Amazon_QuickSight,Amazon_QuickSight,True
259f2a98693ff1a8,ferramenta_bi_diaria,Ferramenta de BI do dia a dia,Amazon_Quicksight,Amazon_Quicksight,True
898d75e4385864ae,ferramenta_bi_diaria,Ferramenta de BI do dia a dia,Birst,Birst,True
fcf034189a2c005e,ferramenta_bi_diaria,Ferramenta de BI do dia a dia,Fazemos_todas_as_analises_utilizando_apenas_Excel_ou_planilhas_do_google,Fazemos_todas_as_analises_utilizando_apenas_Excel_ou_planilhas_do_google,True
5eed6b163ed55e81,ferramenta_bi_diaria,Ferramenta de BI do dia a dia,Grafana,Grafana,True
74764b2270eb2134,ferramenta_bi_diaria,Ferramenta de BI do dia a dia,IBM_Analytics/Cognos,IBM_Analytics/Cognos,True
6a993bb1d67ce525,ferramenta_bi_diaria,Ferramenta de BI do dia a dia,Looker,Looker,True
fe49f15cc6ccf049,ferramenta_bi_diaria,Ferramenta de BI do dia a dia,Looker_Studio_(antigo_Google_Data_Studio),Looker_Studio_(antigo_Google_Data_Studio),True
2c8b6b69bdb7d8ff,ferramenta_bi_diaria,Ferramenta de BI do dia a dia,Metabase,Metabase,True
db2bf39cb102ed91,ferramenta_bi_diaria,Ferramenta de BI do dia a dia,MicroStrategy,MicroStrategy,True
75dac5882525a18f,ferramenta_bi_diaria,Ferramenta de BI do dia a dia,Microsoft_PowerBI,Microsoft_PowerBI,True
779507fc4bbf5135,ferramenta_bi_diaria,Ferramenta de BI do dia a dia,Mode,Mode,True
833ebe41e7d504ae,ferramenta_bi_diaria,Ferramenta de BI do dia a dia,Nao_utilizo_nenhuma_ferramenta_de_BI_no_trabalho,Nao_utilizo_nenhuma_ferramenta_de_BI_no_trabalho,True
2d5dfc9032865ae1,ferramenta_bi_diaria,Ferramenta de BI do dia a dia,Oracle_Business_Intelligence,Oracle_Business_Intelligence,True
eb9dc1d10f3237d7,ferramenta_bi_diaria,Ferramenta de BI do dia a dia,Outra_opcao,Outra_opcao,True
3c851ca311649635,ferramenta_bi_diaria,Ferramenta de BI do dia a dia,Pentaho,Pentaho,True
ceccba1ebcc283fa,ferramenta_bi_diaria,Ferramenta de BI do dia a dia,Qlik_View/Qlik_Sense,Qlik_View/Qlik_Sense,True
41c2582a53e0c1df,ferramenta_bi_diaria,Ferramenta de BI do dia a dia,Redash,Redash,True
119acff12adbf7f8,ferramenta_bi_diaria,Ferramenta de BI do dia a dia,SAP_Business_Objects/SAP_Analytics,SAP_Business_Objects/SAP_Analytics,True
22d4a4d4f7a43faa,ferramenta_bi_diaria,Ferramenta de BI do dia a dia,SAS_Visual_Analytics,SAS_Visual_Analytics,True
a45315ae2282ce9d,ferramenta_bi_diaria,Ferramenta de BI do dia a dia,Salesforce/Einstein_Analytics,Salesforce/Einstein_Analytics,True
52a43e1e1fbb884b,ferramenta_bi_diaria,Ferramenta de BI do dia a dia,Superset,Superset,True
4154d599a798f4a9,ferramenta_bi_diaria,Ferramenta de BI do dia a dia,TIBCO_Spotfire,TIBCO_Spotfire,True
c2b9a3ec82d31197,ferramenta_bi_diaria,Ferramenta de BI do dia a dia,Tableau,Tableau,True
ccb4f603a60841c4,ferramentas_bi,Ferramentas de BI,alteryx,Alteryx,True
28cad8703d9e4bb3,ferramentas_bi,Ferramentas de BI,amazon_quicksight,Amazon QuickSight,True
6bce30c4b1215219,ferramentas_bi,Ferramentas de BI,birst,birst,True
8addfd8a2f34260b,ferramentas_bi,Ferramentas de BI,excel_planilha_apenas,Apenas Excel / Planilhas,True
75c9069277cc30d8,ferramentas_bi,Ferramentas de BI,grafana,Grafana,True
329e3381fca7ecbc,ferramentas_bi,Ferramentas de BI,ibm_analytics_cognos,ibm_analytics_cognos,True
e6a09720b6236c5a,ferramentas_bi,Ferramentas de BI,looker,Looker,True
0e20c79073bd4d40,ferramentas_bi,Ferramentas de BI,looker_studio,Looker Studio,True
3fb8e510cc825ae9,ferramentas_bi,Ferramentas de BI,metabase,Metabase,True
13ec2a36bbb3f789,ferramentas_bi,Ferramentas de BI,microstategy,microstategy,True
8d7def62ac0dbd39,ferramentas_bi,Ferramentas de BI,mode,mode,True
74430ca85a6be387,ferramentas_bi,Ferramentas de BI,nenhuma_ferramenta_bi,Nenhuma ferramenta de BI,True
4fd0972608e1ade7,ferramentas_bi,Ferramentas de BI,oracle_bi,Oracle BI,True
d66545a4e79afed6,ferramentas_bi,Ferramentas de BI,pbi,Power BI,True
ac503e8c494c744e,ferramentas_bi,Ferramentas de BI,pentaho,Pentaho,True
0155558f4cf33fdf,ferramentas_bi,Ferramentas de BI,qlik_view_sense,Qlik,True
421674636bb01908,ferramentas_bi,Ferramentas de BI,redash,Redash,True
686ce3c3c7499a66,ferramentas_bi,Ferramentas de BI,salesforce_einstein_analytics,salesforce_einstein_analytics,True
47c791158508e2b0,ferramentas_bi,Ferramentas de BI,sap_business_objects,SAP BusinessObjects,True
1625c2fe4d68fc99,ferramentas_bi,Ferramentas de BI,sas_visual_analytics,SAS Visual Analytics,True
44d8c65e694afd2e,ferramentas_bi,Ferramentas de BI,superset,Superset,True
5d5576e343e166df,ferramentas_bi,Ferramentas de BI,tableau,Tableau,True
92321eeda90bb3b9,ferramentas_bi,Ferramentas de BI,tibco_spotfire,tibco_spotfire,True
13c95a5b9b009e97,fontes_dados,Fontes de dados manipuladas,audio,audio,False
f1c0bb8e733ccef2,fontes_dados,Fontes de dados manipuladas,audio_1,audio_1,False
201d9395be308edd,fontes_dados,Fontes de dados manipuladas,audio_fonte,audio_fonte,False
029d2092284a79d1,fontes_dados,Fontes de dados manipuladas,banco_no_sql,banco_no_sql,False
6829aa8772606940,fontes_dados,Fontes de dados manipuladas,banco_no_sql_1,banco_no_sql_1,False
154dafc09355a8a5,fontes_dados,Fontes de dados manipuladas,banco_no_sql_fonte,banco_no_sql_fonte,False
3070a42dd01b3cac,fontes_dados,Fontes de dados manipuladas,banco_relacional,banco_relacional,False
736b433ef5abbd83,fontes_dados,Fontes de dados manipuladas,banco_relacional_1,banco_relacional_1,False
1bb09147d21e8315,fontes_dados,Fontes de dados manipuladas,banco_relacional_fonte,banco_relacional_fonte,False
5b20b86c59e11757,fontes_dados,Fontes de dados manipuladas,georefenciados,georefenciados,False
606161a7e4153146,fontes_dados,Fontes de dados manipuladas,georefenciados_1,georefenciados_1,False
d6308efc878a97be,fontes_dados,Fontes de dados manipuladas,georeferenciados_fonte,georeferenciados_fonte,False
adf0c6e8833735a3,fontes_dados,Fontes de dados manipuladas,img,img,False
40694bf253331604,fontes_dados,Fontes de dados manipuladas,img_1,img_1,False
38abdabbf28718b9,fontes_dados,Fontes de dados manipuladas,img_fonte,img_fonte,False
d7113ad6e660dabd,fontes_dados,Fontes de dados manipuladas,planilha,planilha,False
eb7400367f21acf4,fontes_dados,Fontes de dados manipuladas,planilha_1,planilha_1,False
6fda50e027da7bcf,fontes_dados,Fontes de dados manipuladas,planilha_fonte,planilha_fonte,False
ef6537d95262dc8d,fontes_dados,Fontes de dados manipuladas,text_doc,text_doc,False
3c14d0e1a5231ddf,fontes_dados,Fontes de dados manipuladas,text_doc_1,text_doc_1,False
73ae94ad683c1512,fontes_dados,Fontes de dados manipuladas,text_doc_fonte,text_doc_fonte,False
af24dbdb050e0f5c,fontes_dados,Fontes de dados manipuladas,video,video,False
7ca4a676514e36bc,fontes_dados,Fontes de dados manipuladas,video_1,video_1,False
fb1ea43fbfc5fb2a,fontes_dados,Fontes de dados manipuladas,video_fonte,video_fonte,False
806b41050c5f5e93,linguagem_preferida,Linguagem preferida,.,.,True
6f676e9fb6100001,linguagem_preferida,Linguagem preferida,Bash,Bash,True
cb3e3340fb60aa48,linguagem_preferida,Linguagem preferida,Bigquery,Bigquery,True
c6383d193081e5ad,linguagem_preferida,Linguagem preferida,C/C++/C#,C/C++/C#,True
6032d09cfb7adf41,linguagem_preferida,Linguagem preferida,Clojure,Clojure,True
773cc7de1e9443fe,linguagem_preferida,Linguagem preferida,Cobol,Cobol,True
352513a974e41656,linguagem_preferida,Linguagem preferida,DAX,DAX,True
12cdaa71ac5c8cf4,linguagem_preferida,Linguagem preferida,DAX/M,DAX/M,True
997e35abbee2f335,linguagem_preferida,Linguagem preferida,Databricks,Databricks,True
48b11607c25be4a1,linguagem_preferida,Linguagem preferida,Dax,Dax,True
15ccaa30ba72a3e5,linguagem_preferida,Linguagem preferida,Elixir,Elixir,True
7dd2fca623e97923,linguagem_preferida,Linguagem preferida,Engenharia_de_Prompt,Engenharia_de_Prompt,True
a4e23eebe249190b,linguagem_preferida,Linguagem preferida,Excel_e_Power_BI,Excel_e_Power_BI,True
03fa493278b8ecd6,linguagem_preferida,Linguagem preferida,GO,GO,True
3826eff847fe9d18,linguagem_preferida,Linguagem preferida,Go,Go,True
7fd146d634a06e5a,linguagem_preferida,Linguagem preferida,Golang,Golang,True
504f198a56c62561,linguagem_preferida,Linguagem preferida,Java,Java,True
54f1448dafc7132b,linguagem_preferida,Linguagem preferida,JavaScript,JavaScript,True
e56071077952d128,linguagem_preferida,Linguagem preferida,Javascript,Javascript,True
31c26bac84470488,linguagem_preferida,Linguagem preferida,Julia,Julia,True
028919ac4bd693cd,linguagem_preferida,Linguagem preferida,Kotli,Kotli,True
6813110bf4e1507b,linguagem_preferida,Linguagem preferida,Kotlin,Kotlin,True
ba9dc586e33b09ce,linguagem_preferida,Linguagem preferida,Linguagem_M,Linguagem_M,True
43da2099d3acb71b,linguagem_preferida,Linguagem preferida,LookML,LookML,True
a052e4f921e721c2,linguagem_preferida,Linguagem preferida,M,M,True
89826cf737291a46,linguagem_preferida,Linguagem preferida,M/DAX,M/DAX,True
bd2067903555b8f1,linguagem_preferida,Linguagem preferida,M_e_Dax,M_e_Dax,True
1a9d2067c491208f,linguagem_preferida,Linguagem preferida,Matlab,Matlab,True
e8b1c5df645caaee,linguagem_preferida,Linguagem preferida,Mojo,Mojo,True
3f48260f47dd402a,linguagem_preferida,Linguagem preferida,Nao_conheco_isso,Nao_conheco_isso,True
bb5205d11cbf4dce,linguagem_preferida,Linguagem preferida,Nao_sei,Nao_sei,True
f35a1d353a31e5bd,linguagem_preferida,Linguagem preferida,Nao_trabalharia_com_linguagem_de_programacao,Nao_trabalharia_com_linguagem_de_programacao,True
591ed459cbd60998,linguagem_preferida,Linguagem preferida,Nao_utilizo_na_minha_funcao_atual,Nao_utilizo_na_minha_funcao_atual,True
2c591f8cacb5456d,linguagem_preferida,Linguagem preferida,Nextflow,Nextflow,True
7df81be97d57c8e0,linguagem_preferida,Linguagem preferida,No_code,No_code,True
f0dac7ba7556d66e,linguagem_preferida,Linguagem preferida,Oracle_data_integration,Oracle_data_integration,True
faaa24b0697fdb91,linguagem_preferida,Linguagem preferida,PHP,PHP,True
ab9c5d6278cf46d7,linguagem_preferida,Linguagem preferida,Polaris,Polaris,True
4167b04885eac97e,linguagem_preferida,Linguagem preferida,Power_BI,Power_BI,True
948671090433f29e,linguagem_preferida,Linguagem preferida,Power_Query,Power_Query,True
41d6b41d47513603,linguagem_preferida,Linguagem preferida,Progress,Progress,True
a07ef7476eea0d0e,linguagem_preferida,Linguagem preferida,PySpark,PySpark,True
f5a2a71a92db7f0c,linguagem_preferida,Linguagem preferida,Pyspark,Pyspark,True
db47e30c11f32307,linguagem_preferida,Linguagem preferida,Python,Python,True
1ee3874a2b050184,linguagem_preferida,Linguagem preferida,QUALQUER_UMA,QUALQUER_UMA,True
34baf59bad1c1b62,linguagem_preferida,Linguagem preferida,Qliksense,Qliksense,True
44c14761b172867f,linguagem_preferida,Linguagem preferida,R,R,True
5324a42b33e85612,linguagem_preferida,Linguagem preferida,Ruby,Ruby,True
611fe3065a43ee73,linguagem_preferida,Linguagem preferida,Rust,Rust,True
6f246ddf649e0151,linguagem_preferida,Linguagem preferida,SAS,SAS,True
4fac615ae049c428,linguagem_preferida,Linguagem preferida,SPSS,SPSS,True
1afad876b859d533,linguagem_preferida,Linguagem preferida,SQL,SQL,True
96ac10f8b72792bd,linguagem_preferida,Linguagem preferida,Scala,Scala,True
6b80d5f56f9c063d,linguagem_preferida,Linguagem preferida,Shellscript,Shellscript,True
f7d9b2917cff681b,linguagem_preferida,Linguagem preferida,Spark,Spark,True
7085916bd1aaeb38,linguagem_preferida,Linguagem preferida,Sql,Sql,True
77c2365b64abd5c7,linguagem_preferida,Linguagem preferida,Type_Script,Type_Script,True
5dae2fe67f872de0,linguagem_preferida,Linguagem preferida,VBA,VBA,True
7a46d4090c7d5e23,linguagem_preferida,Linguagem preferida,YAML,YAML,True
99bfd935b2d13794,linguagem_preferida,Linguagem preferida,dax,DAX,True
daf4144919235b3e,linguagem_preferida,Linguagem preferida,ecl,ecl,True
aa48af5af2aebdbf,linguagem_preferida,Linguagem preferida,html,html,True
d0eaa07b7255f43c,linguagem_preferida,Linguagem preferida,nenhum,nenhum,True
2cd2f19fac2185c3,linguagem_preferida,Linguagem preferida,noSQL,noSQL,True
c192dc12fe672a18,linguagem_preferida,Linguagem preferida,sas,sas,True
a51139bebb1e7027,linguagem_preferida,Linguagem preferida,spark,spark,True
bf6bb36a192eb550,linguagem_preferida,Linguagem preferida,sql,SQL,True
01ef34b1dcc7a382,linguagens,Linguagens utilizadas,ccc,C / C++ / C#,True
4d6e000ac8ec85f8,linguagens,Linguagens utilizadas,dax,DAX,True
dabb2d649bf481ec,linguagens,Linguagens utilizadas,java,Java,True
e028392d2ba42a0d,linguagens,Linguagens utilizadas,js,JavaScript,True
7ad881178e0ef0f6,linguagens,Linguagens utilizadas,julia,Julia,True
ad0b70f550023612,linguagens,Linguagens utilizadas,matlab,MATLAB,True
4b94d34a3e481155,linguagens,Linguagens utilizadas,net,.NET,True
9c68c844683bcd8e,linguagens,Linguagens utilizadas,php,PHP,True
d96f393d5d158b0d,linguagens,Linguagens utilizadas,python,Python,True
becbaec89df15cd5,linguagens,Linguagens utilizadas,r,R,True
ccd9d005efcf7b67,linguagens,Linguagens utilizadas,rust,Rust,True
8f77aa6fe4ffc99c,linguagens,Linguagens utilizadas,sas_stat,SAS/STAT,True
4111f61548922c9d,linguagens,Linguagens utilizadas,scala,Scala,True
6e1fec241ec62539,linguagens,Linguagens utilizadas,sql,SQL,True
01e3e25dfe42c1a1,linguagens,Linguagens utilizadas,vba,VBA,True
495d5bbd1a8ac8c7,motivos_insatisfacao_2023,Motivos de insatisfação (só 2023-2024),clima_trabalho_ruim,clima_trabalho_ruim,True
736608087507a22c,motivos_insatisfacao_2023,Motivos de insatisfação (só 2023-2024),falta_maturidade_analitica_empresa,falta_maturidade_analitica_empresa,True
87dde98ddd55aa33,motivos_insatisfacao_2023,Motivos de insatisfação (só 2023-2024),falta_oportunidade_cresc,falta_oportunidade_cresc,True
9f08a819719c41b0,motivos_insatisfacao_2023,Motivos de insatisfação (só 2023-2024),mais_beneficios,mais_beneficios,True
03de768c6dc8c811,motivos_insatisfacao_2023,Motivos de insatisfação (só 2023-2024),rel_ruim_lider_gestor,rel_ruim_lider_gestor,True
6a1f48a30c835133,motivos_insatisfacao_2023,Motivos de insatisfação (só 2023-2024),salario_atual_n_corresponde_mercado,salario_atual_n_corresponde_mercado,True
750811b6f9c868da,motivos_insatisfacao_2023,Motivos de insatisfação (só 2023-2024),trab_outra_area_atuacao,trab_outra_area_atuacao,True
760bc3b9f99758d6,percepcao_carreira,Percepção de carreira,aprov_processos_seletivos_entrevistas,aprov_processos_seletivos_entrevistas,True
a47a680eb1f1128c,percepcao_carreira,Percepção de carreira,atencao_opiniao_ideias,atencao_opiniao_ideias,True
bc36010d6aeb5062,percepcao_carreira,Percepção de carreira,nvl_cobranca_e_stress_trab,nvl_cobranca_e_stress_trab,True
d24b5314845aea64,percepcao_carreira,Percepção de carreira,oportunidades_progresso_carreira,oportunidades_progresso_carreira,True
9d0e81bf5b7eba44,percepcao_carreira,Percepção de carreira,qtd_oportunidades_vagas_emprego_receb,qtd_oportunidades_vagas_emprego_receb,True
86ff5156e43daebf,percepcao_carreira,Percepção de carreira,rel_outros_membros_empresa_em_trabalho,rel_outros_membros_empresa_em_trabalho,True
3e875191f065d65c,percepcao_carreira,Percepção de carreira,rel_outros_membros_empresa_integracao_fora_trab,rel_outros_membros_empresa_integracao_fora_trab,True
06ccd4aa02976306,percepcao_carreira,Percepção de carreira,senioridade_vagas_recebidas_rel_experiencia,senioridade_vagas_recebidas_rel_experiencia,True
33f8f8977f4ea0b9,percepcao_carreira,Percepção de carreira,vel_progressao_carreira,vel_progressao_carreira,True
34b4517e5c9c726d,uso_ia_generativa,Uso de IA generativa,colaboradores_uso_ia_descentra_independ,colaboradores_uso_ia_descentra_independ,False
042955c7034695a8,uso_ia_generativa,Uso de IA generativa,colaboradores_uso_ia_descentra_independ_1,colaboradores_uso_ia_descentra_independ_1,False
49feb487bbe380de,uso_ia_generativa,Uso de IA generativa,dados_empresa_nao_prep_ia_gen,dados_empresa_nao_prep_ia_gen,False
47acf0058cdb71ef,uso_ia_generativa,Uso de IA generativa,dev_usando_copilot,dev_usando_copilot,False
6514df12c0fa71db,uso_ia_generativa,Uso de IA generativa,dev_usando_copilot_1,dev_usando_copilot_1,False
1eb2d4c247f2c04c,uso_ia_generativa,Uso de IA generativa,direcionamento_centralizado_ia_generativa,direcionamento_centralizado_ia_generativa,False
b5e19fc3a6a81878,uso_ia_generativa,Uso de IA generativa,direcionamento_centralizado_ia_generativa_1,direcionamento_centralizado_ia_generativa_1,False
be862c8269d4c05f,uso_ia_generativa,Uso de IA generativa,ia_gen_llm_melhorar_prod_ext,ia_gen_llm_melhorar_prod_ext,False
774de3b3b52bd6a1,uso_ia_generativa,Uso de IA generativa,ia_gen_llm_melhorar_prod_int_colaboradores,ia_gen_llm_melhorar_prod_int_colaboradores,False
4e2e3a3fe0e7ae3a,uso_ia_generativa,Uso de IA generativa,ia_gen_llm_melhorar_prod_int_colaboradores_1,ia_gen_llm_melhorar_prod_int_colaboradores_1,False
ae0d216d85372dbf,uso_ia_generativa,Uso de IA generativa,ia_gen_llm_principal_frente_neg,ia_gen_llm_principal_frente_neg,False
760c30d85772590a,uso_ia_generativa,Uso de IA generativa,ia_gen_llm_principal_frente_neg_1,ia_gen_llm_principal_frente_neg_1,False
691a02ffa46199e5,uso_ia_generativa,Uso de IA generativa,ia_llm_empresa_descentralizada_independente,ia_llm_empresa_descentralizada_independente,False
622735ab456f9019,uso_ia_generativa,Uso de IA generativa,ia_llm_empresa_frente_negoc,ia_llm_empresa_frente_negoc,False
caeff032fbb4245b,uso_ia_generativa,Uso de IA generativa,ia_llm_empresa_nao_prioridade,ia_llm_empresa_nao_prioridade,False
7853d4c9206a64ce,uso_ia_generativa,Uso de IA generativa,ia_llm_empresa_prod_externo,ia_llm_empresa_prod_externo,False
3a16ec381dd50b9d,uso_ia_generativa,Uso de IA generativa,ia_llm_empresa_prod_interno,ia_llm_empresa_prod_interno,False
89f7a46d5f282707,uso_ia_generativa,Uso de IA generativa,ia_llm_empresa_sem_opiniao,ia_llm_empresa_sem_opiniao,False
4aac52716ba15ded,uso_ia_generativa,Uso de IA generativa,ia_llm_empresa_uso_centralizado,ia_llm_empresa_uso_centralizado,False
b7271fb48e22006d,uso_ia_generativa,Uso de IA generativa,ia_llm_empresa_uso_copilot,ia_llm_empresa_uso_copilot,False
3acd5d575d61c14f,uso_ia_generativa,Uso de IA generativa,ia_llm_nao_prioridade,ia_llm_nao_prioridade,False
085fe16c6730782d,uso_ia_generativa,Uso de IA generativa,ia_llm_nao_prioridade_1,ia_llm_nao_prioridade_1,False
2c79ab33d876dabc,uso_ia_generativa,Uso de IA generativa,nao_uso_ia_gen_produtividade,nao_uso_ia_gen_produtividade,False
d139713ed23172a9,uso_ia_generativa,Uso de IA generativa,retorno_roi_nao_comprovado_ia_gen,retorno_roi_nao_comprovado_ia_gen,False
777ba21335a5e6dd,uso_ia_generativa,Uso de IA generativa,sem_opiniao_llm_ia_generativa,sem_opiniao_llm_ia_generativa,False
b81b228722a91696,uso_ia_generativa,Uso de IA generativa,sem_opiniao_llm_ia_generativa_1,sem_opiniao_llm_ia_generativa_1,False
81193d6c4d1cb61f,uso_ia_generativa,Uso de IA generativa,uso_copilot,uso_copilot,False
78c0abae46a0446d,uso_ia_generativa,Uso de IA generativa,uso_ia_gen_gratuita_produtividade,uso_ia_gen_gratuita_produtividade,False
68fdfa5cab51dc41,uso_ia_generativa,Uso de IA generativa,uso_pago_ia_gen_empresa_paga,uso_pago_ia_gen_empresa_paga,False
d05a138b364f72c9,uso_ia_generativa,Uso de IA generativa,uso_pago_ia_gen_produtividade,uso_pago_ia_gen_produtividade,False
